tick,reward,values,next_values,target_values,loss
1.0,-67.05703735351562,0.0842989981174469,0.20404742658138275,-66.85706329345703,13574.4052734375
2.0,-74.5737533569336,0.09136391431093216,0.20755138993263245,-74.37034606933594,15593.322265625
3.0,-82.2461929321289,0.09777071326971054,0.2112278789281845,-82.03919219970703,17641.216796875
4.0,-87.12859344482422,0.0985407903790474,0.21293386816978455,-86.919921875,19251.2578125
5.0,-74.30368041992188,0.09074858576059341,0.20790691673755646,-74.09992218017578,15555.5283203125
6.0,-74.36923217773438,0.0782453715801239,0.20761094987392426,-74.16576385498047,15557.1123046875
7.0,-82.14630126953125,0.09294023364782333,0.21200492978096008,-81.93853759765625,17500.1640625
8.0,-70.9249267578125,0.08333887159824371,0.20597943663597107,-70.72306823730469,14859.455078125
9.0,-76.49742889404297,0.09240545332431793,0.21086381375789642,-76.29078674316406,15703.326171875
10.0,-86.091064453125,0.10807754844427109,0.2167825549840927,-85.87861633300781,17920.0859375
11.0,-89.005859375,0.09112425893545151,0.21544475853443146,-88.79471588134766,19329.61328125
12.0,-73.91375732421875,0.09858955442905426,0.20905077457427979,-73.7088851928711,15220.771484375
13.0,-67.04740142822266,0.09600898623466492,0.20645727217197418,-66.84506225585938,13206.6591796875
14.0,-79.04496002197266,0.06749692559242249,0.21182113885879517,-78.83737182617188,16203.013671875
15.0,-74.14628601074219,0.08878190070390701,0.20923997461795807,-73.94123840332031,15408.201171875
16.0,-80.89530944824219,0.10412256419658661,0.21327851712703705,-80.68629455566406,16948.162109375
17.0,-53.014137268066406,0.06999556720256805,0.1991177797317505,-52.81900405883789,9623.41015625
18.0,-66.79144287109375,0.09233664721250534,0.2067638784646988,-66.58881378173828,13034.572265625
19.0,-74.67623901367188,0.06927791237831116,0.20950652658939362,-74.47091674804688,15267.08203125
20.0,-78.94556427001953,0.07535462826490402,0.21137620508670807,-78.73841857910156,16568.546875
21.0,-66.1182632446289,0.09142551571130753,0.20680168271064758,-65.91560363769531,12794.6953125
22.0,-59.915000915527344,0.05575939640402794,0.20302072167396545,-59.716033935546875,11110.7099609375
23.0,-75.60836029052734,0.07048752903938293,0.21014152467250824,-75.40242004394531,15626.228515625
24.0,-75.39405822753906,0.0648740604519844,0.21036283671855927,-75.18791198730469,15451.8271484375
25.0,-59.91106033325195,0.06961753964424133,0.2039731740951538,-59.711158752441406,11020.8271484375
26.0,-76.14917755126953,0.07038779556751251,0.2114146202802658,-75.94200134277344,15457.263671875
27.0,-77.78620910644531,0.06722824275493622,0.21140050888061523,-77.57904052734375,16251.0595703125
28.0,-71.06981658935547,0.045055847615003586,0.20944923162460327,-70.86456298828125,13862.771484375
29.0,-68.98765563964844,0.07695134729146957,0.20710712671279907,-68.7846908569336,14139.9765625
30.0,-46.533565521240234,0.08559892326593399,0.19597917795181274,-46.34149932861328,8129.2763671875
31.0,-56.27216339111328,0.08115297555923462,0.20263506472110748,-56.07357406616211,10222.21875
32.0,-68.20203399658203,0.06333459913730621,0.20683512091636658,-67.99933624267578,13733.9345703125
33.0,-50.99409484863281,0.06359591335058212,0.19960865378379822,-50.79847717285156,8808.322265625
34.0,-52.503902435302734,0.06710046529769897,0.20058870315551758,-52.30732345581055,9083.716796875
35.0,-71.44715118408203,0.03181985765695572,0.20747356116771698,-71.24382019042969,14592.6298828125
36.0,-42.65140151977539,0.07324714958667755,0.19621653854846954,-42.459110260009766,6556.45458984375
37.0,-65.67249298095703,0.04897618666291237,0.20621182024478912,-65.47039794921875,12745.3359375
38.0,-40.69700241088867,0.07509463280439377,0.194957435131073,-40.505943298339844,6034.89013671875
39.0,-48.29478454589844,0.08980026096105576,0.19956105947494507,-48.099212646484375,7957.65380859375
40.0,-43.277469635009766,0.04213697090744972,0.19495199620723724,-43.08642578125,6797.60546875
41.0,-56.469512939453125,0.071656234562397,0.20318379998207092,-56.270389556884766,10202.49609375
42.0,-41.55568313598633,0.053629569709300995,0.19484663009643555,-41.36472702026367,6372.43603515625
43.0,-49.490787506103516,0.06626731157302856,0.19751928746700287,-49.297210693359375,9117.24609375
44.0,-56.814022064208984,0.05037439242005348,0.2033766508102417,-56.614707946777344,10312.6240234375
45.0,-62.741859436035156,0.04068106785416603,0.20592287182807922,-62.54005813598633,11964.9736328125
46.0,-49.14033126831055,0.0579238124191761,0.19975030422210693,-48.944576263427734,8119.603515625
47.0,-42.770267486572266,0.0493195541203022,0.19703549146652222,-42.577178955078125,6305.6025390625
48.0,-51.31768035888672,0.02930358238518238,0.2001810073852539,-51.12150573730469,8804.927734375
49.0,-60.65403366088867,0.032992299646139145,0.20395129919052124,-60.454158782958984,11705.48046875
50.0,-28.425586700439453,0.08777618408203125,0.19220808148384094,-28.237220764160156,3228.928955078125
51.0,-23.517534255981445,0.07878641039133072,0.18796193599700928,-23.333332061767578,1873.4342041015625
52.0,-34.115745544433594,0.05495288223028183,0.19219402968883514,-33.92738723754883,4167.822265625
53.0,-46.75369644165039,0.039644960314035416,0.1987481266260147,-46.55892562866211,8082.650390625
54.0,-39.579978942871094,0.030097689479589462,0.19460071623325348,-39.3892707824707,6130.9423828125
55.0,-49.175174713134766,0.015555373392999172,0.20397982001304626,-48.97527313232422,8265.1904296875
56.0,-42.22065734863281,0.0355655774474144,0.1978873610496521,-42.026729583740234,7084.650390625
57.0,-53.54328536987305,0.01651711016893387,0.20321926474571228,-53.34413146972656,10005.677734375
58.0,-43.445953369140625,0.009180751629173756,0.19723141193389893,-43.25267028808594,7403.447265625
59.0,-52.628421783447266,0.03192553296685219,0.20325617492198944,-52.42923355102539,9807.5009765625
60.0,-61.24284362792969,-0.005618165247142315,0.2057437002658844,-61.04120635986328,11849.4052734375
61.0,-48.04417419433594,0.0026261555030941963,0.19705764949321747,-47.85105895996094,8292.5498046875
62.0,-42.030643463134766,0.021808093413710594,0.19658946990966797,-41.837982177734375,6370.06640625
63.0,-28.754196166992188,0.06439230591058731,0.19583244621753693,-28.562280654907227,3303.188720703125
64.0,-49.723567962646484,0.004528677091002464,0.20099245011806488,-49.52659225463867,9096.638671875
65.0,-31.436792373657227,0.041073497384786606,0.1975540667772293,-31.243186950683594,4104.494140625
66.0,-47.28404235839844,0.008816664107143879,0.20597143471240997,-47.08219909667969,8111.0029296875
67.0,-30.70679473876953,0.039837125688791275,0.19632850587368011,-30.514394760131836,3873.95068359375
68.0,-31.754819869995117,0.04223712533712387,0.19889697432518005,-31.55990219116211,4084.211181640625
69.0,-44.161312103271484,-0.011836418882012367,0.1966668963432312,-43.96857452392578,7608.50146484375
70.0,-33.96296691894531,0.030270902439951897,0.19357788562774658,-33.77326583862305,4122.2275390625
71.0,-27.744312286376953,0.042931560426950455,0.19729207456111908,-27.550966262817383,3279.7568359375
72.0,-31.26345443725586,0.030020741745829582,0.1923985481262207,-31.074907302856445,4912.99169921875
73.0,-34.701969146728516,-0.0008978471159934998,0.19625990092754364,-34.5096321105957,4625.74658203125
74.0,-59.547462463378906,-0.017957119271159172,0.21007294952869415,-59.341583251953125,11717.333984375
75.0,-29.99114990234375,0.027130313217639923,0.19614581763744354,-29.798925399780273,3750.719482421875
76.0,-34.940452575683594,0.012423812411725521,0.1990399807691574,-34.74539566040039,5191.67919921875
77.0,-58.7137565612793,-0.0645737498998642,0.21060210466384888,-58.507354736328125,11731.677734375
78.0,-34.039268493652344,0.020292198285460472,0.19704212248325348,-33.846160888671875,4414.82470703125
79.0,-50.34624099731445,-0.031579405069351196,0.20407657325267792,-50.1462516784668,9592.0478515625
80.0,-53.66682434082031,-0.04020809009671211,0.2036157250404358,-53.4672737121582,9097.2236328125
81.0,-30.32469940185547,0.01721317507326603,0.1949136108160019,-30.133686065673828,3828.625732421875
82.0,-26.523672103881836,0.031469929963350296,0.1931420862674713,-26.334394454956055,3173.220703125
83.0,-29.026018142700195,0.026402447372674942,0.19581162929534912,-28.834125518798828,3340.209716796875
84.0,-35.403175354003906,-0.011437063105404377,0.19521591067314148,-35.21186065673828,5593.34765625
85.0,-39.830326080322266,-0.01834268867969513,0.19868946075439453,-39.6356086730957,6982.919921875
86.0,-36.18803787231445,-0.026110194623470306,0.19884450733661652,-35.993167877197266,5327.13134765625
87.0,-30.5980167388916,0.009297549724578857,0.19887536764144897,-30.403120040893555,3085.6123046875
88.0,-33.239383697509766,0.0036620760802179575,0.19960463047027588,-33.04376983642578,5159.22509765625
89.0,-14.708083152770996,0.042635612189769745,0.19246052205562592,-14.5194730758667,729.1180419921875
90.0,-21.427003860473633,0.03851594030857086,0.1964942365884781,-21.23444366455078,1349.334228515625
91.0,-33.61968231201172,-0.030353765934705734,0.19727003574371338,-33.42635726928711,4506.8251953125
92.0,-28.585948944091797,0.00886070542037487,0.19682849943637848,-28.393054962158203,3632.8701171875
93.0,-38.385154724121094,-0.028551068156957626,0.20236998796463013,-38.186832427978516,6572.5498046875
94.0,-25.623149871826172,0.002802387112751603,0.19748352468013763,-25.429615020751953,3011.88525390625
95.0,-54.121700286865234,-0.09624072909355164,0.20905499160289764,-53.91682052612305,9745.2275390625
96.0,-24.783639907836914,-0.0071841394528746605,0.19693346321582794,-24.59064483642578,3085.41552734375
97.0,-49.37198257446289,-0.09144590049982071,0.20424509048461914,-49.17182159423828,9549.2353515625
98.0,-39.96816635131836,-0.06901109963655472,0.19946621358394623,-39.77268981933594,6903.58642578125
99.0,-47.027130126953125,-0.09016691893339157,0.20724058151245117,-46.824031829833984,8798.6591796875
100.0,-29.284578323364258,-0.02776312828063965,0.20280513167381287,-29.085824966430664,3556.601806640625
101.0,-39.58022689819336,-0.06789328902959824,0.20158149302005768,-39.3826789855957,6743.7060546875
102.0,-27.91016387939453,-0.025728661566972733,0.19579572975635529,-27.718284606933594,3746.003173828125
103.0,-26.327627182006836,-0.017318863421678543,0.20050646364688873,-26.131128311157227,3112.4833984375
104.0,-25.038053512573242,-0.022184710949659348,0.19620990753173828,-24.84577178955078,3135.732421875
105.0,-50.6729736328125,-0.09845774620771408,0.2075343281030655,-50.46958541870117,9726.2666015625
106.0,-22.60352325439453,-0.017466779798269272,0.1925525814294815,-22.414819717407227,2992.421875
107.0,-31.483156204223633,-0.05577441304922104,0.19931866228580475,-31.287822723388672,5137.57861328125
108.0,-43.28944778442383,-0.09391683340072632,0.20345716178417206,-43.09005355834961,7561.5400390625
109.0,-39.457149505615234,-0.0944213941693306,0.19778728485107422,-39.2633171081543,6948.49169921875
110.0,-29.352985382080078,-0.06794877350330353,0.19691137969493866,-29.160011291503906,3656.898193359375
111.0,-28.787673950195312,-0.06588874012231827,0.18988890945911407,-28.601581573486328,4894.970703125
112.0,-30.470653533935547,-0.05736159905791283,0.2043309360742569,-30.270410537719727,4019.247802734375
113.0,-45.14336395263672,-0.12576964497566223,0.20140349864959717,-44.94599151611328,8857.865234375
114.0,-54.04558181762695,-0.16174574196338654,0.20635299384593964,-53.843353271484375,10678.56640625
115.0,-32.21200180053711,-0.08564792573451996,0.19491371512413025,-32.0209846496582,4481.73291015625
116.0,-18.982799530029297,-0.028965402394533157,0.18917261064052582,-18.797412872314453,2785.517822265625
117.0,-16.896854400634766,-0.013054367154836655,0.20153459906578064,-16.699350357055664,883.25341796875
118.0,-30.724138259887695,-0.05461081489920616,0.1971774697303772,-30.530906677246094,5110.35546875
119.0,-32.796871185302734,-0.10207659751176834,0.19429896771907806,-32.6064567565918,5384.5029296875
120.0,-29.447534561157227,-0.0899742916226387,0.19399172067642212,-29.257421493530273,3863.3046875
121.0,-41.83891677856445,-0.13182473182678223,0.20249488949775696,-41.640472412109375,8539.30078125
122.0,-37.15157699584961,-0.1156134381890297,0.20079010725021362,-36.954803466796875,6720.568359375
123.0,-29.19628143310547,-0.046754274517297745,0.1997150182723999,-29.000560760498047,3884.9892578125
124.0,-33.27830123901367,-0.08807939291000366,0.2011164426803589,-33.08120346069336,5509.2392578125
125.0,-20.104204177856445,-0.05229794606566429,0.19315186142921448,-19.914913177490234,2470.67822265625
126.0,-18.021760940551758,-0.0613710880279541,0.1909235566854477,-17.83465576171875,1181.4588623046875
127.0,-32.45707321166992,-0.10095861554145813,0.1987512707710266,-32.26229476928711,5374.36865234375
128.0,-28.930383682250977,-0.09597989171743393,0.1963403820991516,-28.73797035217285,4774.36328125
129.0,-29.06932830810547,-0.09555812180042267,0.1938495635986328,-28.879352569580078,4472.4169921875
130.0,-35.87592315673828,-0.1257765144109726,0.20114555954933167,-35.67879104614258,5894.6025390625
131.0,-26.694143295288086,-0.10010439157485962,0.19509568810462952,-26.502948760986328,3435.6708984375
132.0,-39.280738830566406,-0.15085171163082123,0.19709785282611847,-39.087581634521484,8007.24853515625
133.0,-28.079143524169922,-0.09045560657978058,0.203631192445755,-27.87958335876465,4606.1787109375
134.0,-49.26307678222656,-0.1981743425130844,0.2044280767440796,-49.062747955322266,9485.55078125
135.0,-32.495941162109375,-0.12817567586898804,0.19645382463932037,-32.303409576416016,5264.939453125
136.0,-30.7086181640625,-0.12509837746620178,0.19894486665725708,-30.513647079467773,5167.41162109375
137.0,-33.852909088134766,-0.13481612503528595,0.1944819688796997,-33.66231918334961,5473.1044921875
138.0,-33.38058090209961,-0.1325448453426361,0.19790051877498627,-33.1866340637207,5414.1064453125
139.0,-19.470783233642578,-0.07334426045417786,0.19189590215682983,-19.28272247314453,2558.759033203125
140.0,-21.610576629638672,-0.0841582715511322,0.19285619258880615,-21.421581268310547,2893.265869140625
141.0,-22.30345916748047,-0.07794758677482605,0.1970319151878357,-22.110368728637695,3053.6953125
142.0,-23.408185958862305,-0.10087602585554123,0.1951214224100113,-23.216964721679688,3067.945068359375
143.0,-29.10126304626465,-0.10232585668563843,0.19375167787075043,-28.911386489868164,3927.029052734375
144.0,-30.493484497070312,-0.08374866843223572,0.20063503086566925,-30.296859741210938,3953.4453125
145.0,-27.170387268066406,-0.10600981116294861,0.19178879261016846,-26.982433319091797,3658.976318359375
146.0,-21.60451889038086,-0.07931945472955704,0.19965827465057373,-21.408851623535156,1774.475830078125
147.0,-21.773725509643555,-0.08582466095685959,0.1970687359571457,-21.580595016479492,3160.206787109375
148.0,-40.794395446777344,-0.19947217404842377,0.20264606177806854,-40.595802307128906,6423.53076171875
149.0,-22.236486434936523,-0.07855574786663055,0.19657652080059052,-22.043840408325195,2932.46337890625
150.0,-43.97581481933594,-0.19529321789741516,0.2063320279121399,-43.77360534667969,7439.31005859375
151.0,-28.652381896972656,-0.0961533933877945,0.1948472559452057,-28.4614315032959,3922.8466796875
152.0,-24.014062881469727,-0.057590655982494354,0.19901856780052185,-23.81902313232422,2147.4462890625
153.0,-15.937439918518066,-0.06199768930673599,0.1881268173456192,-15.753076553344727,1157.803955078125
154.0,-29.330408096313477,-0.13866682350635529,0.20154549181461334,-29.132896423339844,4859.25390625
155.0,-37.39467239379883,-0.14678606390953064,0.20625467598438263,-37.19253921508789,5944.7783203125
156.0,-22.19482421875,-0.12226175516843796,0.19436439871788025,-22.004348754882812,3046.683837890625
157.0,-36.229740142822266,-0.17200563848018646,0.2072894126176834,-36.02659606933594,4830.4404296875
158.0,-38.95221710205078,-0.15363699197769165,0.20372635126113892,-38.752567291259766,5940.21142578125
159.0,-16.137123107910156,-0.1011427715420723,0.19592903554439545,-15.945115089416504,1078.397216796875
160.0,-36.93101119995117,-0.19340397417545319,0.20443621277809143,-36.73066329956055,5776.39990234375
161.0,-40.60569381713867,-0.18288308382034302,0.20272481441497803,-40.40702819824219,6332.064453125
162.0,-30.949132919311523,-0.1297207772731781,0.20193906128406525,-30.751230239868164,4139.07958984375
163.0,-16.735523223876953,-0.11387531459331512,0.1946033537387848,-16.54481315612793,2316.9208984375
164.0,-35.500389099121094,-0.19223445653915405,0.1968047320842743,-35.30752182006836,5576.49560546875
165.0,-28.562334060668945,-0.16371998190879822,0.1999014914035797,-28.366430282592773,5031.7509765625
166.0,-24.116140365600586,-0.16107584536075592,0.19769786298274994,-23.92239761352539,3426.85009765625
167.0,-14.61448860168457,-0.06359651684761047,0.19809265434741974,-14.420357704162598,1110.4200439453125
168.0,-27.235898971557617,-0.12197750806808472,0.20563583076000214,-27.034374237060547,3740.26806640625
169.0,-20.919898986816406,-0.12402063608169556,0.19219563901424408,-20.731550216674805,2776.79248046875
170.0,-43.040122985839844,-0.22760093212127686,0.20713552832603455,-42.837127685546875,7410.45361328125
171.0,-32.5290412902832,-0.15697671473026276,0.20573656260967255,-32.327415466308594,4363.96044921875
172.0,-25.1224365234375,-0.15135791897773743,0.19752615690231323,-24.92885971069336,3351.125
173.0,-29.291990280151367,-0.17459142208099365,0.20018155872821808,-29.095813751220703,4256.3564453125
174.0,-35.21215057373047,-0.22262871265411377,0.20741987228393555,-35.00887680053711,5640.310546875
175.0,-27.882722854614258,-0.19194765388965607,0.19951553642749786,-27.687196731567383,3691.7236328125
176.0,-21.599031448364258,-0.13749486207962036,0.19842500984668732,-21.404573440551758,3101.826171875
177.0,-24.881738662719727,-0.16011090576648712,0.19539916515350342,-24.69024658203125,3433.704345703125
178.0,-25.853660583496094,-0.1684427708387375,0.19983547925949097,-25.657817840576172,3522.294677734375
179.0,-16.422691345214844,-0.11581355333328247,0.20311224460601807,-16.2236385345459,2388.4013671875
180.0,-7.607672214508057,-0.06589671969413757,0.19410666823387146,-7.417448043823242,273.617919921875
181.0,-39.695404052734375,-0.2604394853115082,0.21661674976348877,-39.48311996459961,7148.5625
182.0,-32.202980041503906,-0.19682841002941132,0.21309082210063934,-31.994150161743164,6191.27880859375
183.0,-16.826295852661133,-0.11492442339658737,0.2033507227897644,-16.62701416015625,1224.024658203125
184.0,-29.594615936279297,-0.19042374193668365,0.20510776340961456,-29.393613815307617,4058.274169921875
185.0,-36.1685905456543,-0.2126731425523758,0.20861877501010895,-35.96413803100586,4967.189453125
186.0,-28.474458694458008,-0.20788054168224335,0.20511524379253387,-28.273447036743164,4972.29296875
187.0,-30.556167602539062,-0.21940040588378906,0.20211759209632874,-30.358091354370117,5013.31689453125
188.0,-23.366161346435547,-0.13474930822849274,0.20306652784347534,-23.167152404785156,3391.024658203125
189.0,-19.97739028930664,-0.15424460172653198,0.20355623960494995,-19.777904510498047,2959.11376953125
190.0,-25.418926239013672,-0.1990956813097,0.20803803205490112,-25.215049743652344,4223.408203125
191.0,-34.04353713989258,-0.24300888180732727,0.20979876816272736,-33.83793640136719,5763.8798828125
192.0,-8.223663330078125,-0.06665857136249542,0.20140640437602997,-8.026285171508789,410.9110412597656
193.0,-21.456605911254883,-0.1786663830280304,0.2034999430179596,-21.257177352905273,3198.388671875
194.0,-13.780989646911621,-0.11388079822063446,0.20300818979740143,-13.582042694091797,1132.7169189453125
195.0,-13.697444915771484,-0.08876363933086395,0.2058713585138321,-13.495692253112793,1219.985107421875
196.0,-16.089214324951172,-0.14719702303409576,0.19602729380130768,-15.897107124328613,1126.579345703125
197.0,-33.288124084472656,-0.26786234974861145,0.2114613652229309,-33.08088684082031,5772.30126953125
198.0,-24.64801025390625,-0.20790843665599823,0.2125793695449829,-24.439682006835938,3305.617431640625
199.0,-32.150821685791016,-0.22264526784420013,0.20935799181461334,-31.945650100708008,5286.0576171875
200.0,-22.53498077392578,-0.1823132485151291,0.2083704024553299,-22.33077621459961,2127.3349609375
201.0,-20.955602645874023,-0.18093134462833405,0.20915070176124573,-20.750635147094727,2882.858154296875
202.0,-19.428634643554688,-0.12286403030157089,0.20597007870674133,-19.22678565979004,1667.4576416015625
203.0,-17.22312355041504,-0.16223451495170593,0.20383033156394958,-17.023372650146484,1072.362548828125
204.0,-21.77916717529297,-0.14221373200416565,0.21351052820682526,-21.569927215576172,2212.532470703125
205.0,-6.121028423309326,-0.0715358704328537,0.20254746079444885,-5.922531604766846,338.6850280761719
206.0,-20.545480728149414,-0.17079870402812958,0.2084617167711258,-20.341188430786133,2954.396484375
207.0,-32.956050872802734,-0.3008224368095398,0.20788955688476562,-32.7523193359375,5505.591796875
208.0,-27.19554901123047,-0.24584129452705383,0.2082301378250122,-26.99148178100586,3972.871337890625
209.0,-23.280733108520508,-0.20248708128929138,0.20268717408180237,-23.08209991455078,2441.89013671875
210.0,-12.30280876159668,-0.1463606059551239,0.19766634702682495,-12.10909652709961,747.3936157226562
211.0,-22.240135192871094,-0.22712327539920807,0.20916999876499176,-22.035144805908203,3118.47998046875
212.0,-37.022193908691406,-0.31910017132759094,0.21409094333648682,-36.812381744384766,5771.80615234375
213.0,-29.29773712158203,-0.27509361505508423,0.21721120178699493,-29.084863662719727,4715.7109375
214.0,-7.236962795257568,-0.08701712638139725,0.20574703812599182,-7.035330772399902,266.827392578125
215.0,-17.0779972076416,-0.16607767343521118,0.20732587575912476,-16.874818801879883,1446.145751953125
216.0,-37.30402755737305,-0.299134761095047,0.2155376672744751,-37.092803955078125,6235.701171875
217.0,-23.535600662231445,-0.24198444187641144,0.20139361917972565,-23.338233947753906,3092.41650390625
218.0,-36.44813919067383,-0.2763812243938446,0.22281238436698914,-36.22978210449219,5824.5029296875
219.0,-23.189298629760742,-0.16769252717494965,0.21110104024410248,-22.982419967651367,3500.188232421875
220.0,-28.942611694335938,-0.2051703780889511,0.2084764987230301,-28.738306045532227,4047.700927734375
221.0,-24.540809631347656,-0.2707401216030121,0.2060060352087021,-24.338926315307617,3126.5537109375
222.0,-12.928123474121094,-0.15274114906787872,0.20255109667778015,-12.729622840881348,926.4598388671875
223.0,-26.220741271972656,-0.20223726332187653,0.21677173674106598,-26.00830841064453,3527.42626953125
224.0,-12.732202529907227,-0.16755184531211853,0.2040557712316513,-12.53222942352295,790.1063232421875
225.0,-36.76068878173828,-0.32813891768455505,0.21778839826583862,-36.54725646972656,5925.37451171875
226.0,-14.161027908325195,-0.16424153745174408,0.20933248102664948,-13.95588493347168,1003.092041015625
227.0,-26.274747848510742,-0.26988545060157776,0.2117362767457962,-26.067249298095703,3551.93603515625
228.0,-18.88548469543457,-0.1697912961244583,0.2165520340204239,-18.673261642456055,2881.248046875
229.0,-28.84640884399414,-0.24335309863090515,0.21695110201835632,-28.63379669189453,5044.48583984375
230.0,-11.381691932678223,-0.18539971113204956,0.20243148505687714,-11.183309555053711,731.1799926757812
231.0,-19.06728172302246,-0.2169697880744934,0.2112145572900772,-18.860292434692383,2639.859375
232.0,-12.622079849243164,-0.07007020711898804,0.21904966235160828,-12.4074125289917,1170.13916015625
233.0,-24.5234317779541,-0.2625287175178528,0.20949402451515198,-24.318126678466797,3529.047607421875
234.0,-24.193099975585938,-0.23455512523651123,0.21704775094985962,-23.980396270751953,2781.535400390625
235.0,-10.491194725036621,-0.15745168924331665,0.2100595235824585,-10.285335540771484,623.9644775390625
236.0,-32.10340881347656,-0.3649081289768219,0.21345368027687073,-31.89422607421875,6405.55126953125
237.0,-20.383352279663086,-0.19060753285884857,0.218944251537323,-20.16878890991211,2756.819580078125
238.0,-29.930992126464844,-0.3382243812084198,0.21139539778232574,-29.723825454711914,5951.95166015625
239.0,-8.475835800170898,-0.12264983355998993,0.20812252163887024,-8.271876335144043,493.706298828125
240.0,-27.977407455444336,-0.3666820526123047,0.20282988250255585,-27.77863121032715,4870.45263671875
241.0,-19.96118927001953,-0.18186993896961212,0.2146092653274536,-19.750873565673828,1892.510986328125
242.0,-11.646625518798828,-0.12879306077957153,0.21134191751480103,-11.439513206481934,1138.059814453125
243.0,-15.505989074707031,-0.219518780708313,0.21621660888195038,-15.294097900390625,1087.9962158203125
244.0,-13.445911407470703,-0.14485235512256622,0.21281597018241882,-13.23735237121582,1146.6910400390625
245.0,-26.333616256713867,-0.29796913266181946,0.20908382534980774,-26.12871551513672,4752.81201171875
246.0,-17.347692489624023,-0.31117257475852966,0.20481254160404205,-17.146974563598633,2115.03515625
247.0,-21.225074768066406,-0.3163203001022339,0.20316565036773682,-21.02597427368164,3059.614990234375
248.0,-17.976696014404297,-0.2812078297138214,0.21140873432159424,-17.769512176513672,2609.9130859375
249.0,-11.052785873413086,-0.1793472319841385,0.20339259505271912,-10.853462219238281,758.4620361328125
250.0,-21.70925521850586,-0.24884967505931854,0.2115008383989334,-21.501985549926758,3148.0068359375
251.0,-22.499692916870117,-0.29762810468673706,0.2141815572977066,-22.289793014526367,4182.560546875
252.0,-14.450278282165527,-0.20695917308330536,0.21319805085659027,-14.241344451904297,1333.3668212890625
253.0,-48.14509582519531,-0.43088486790657043,0.23098142445087433,-47.91873550415039,9932.2744140625
254.0,-30.888500213623047,-0.3998781144618988,0.21394537389278412,-30.6788387298584,6252.01611328125
255.0,-28.49930191040039,-0.35514575242996216,0.21126823127269745,-28.292261123657227,4984.57373046875
256.0,-22.101839065551758,-0.25638824701309204,0.21869981288909912,-21.887514114379883,3101.0439453125
257.0,-7.06890869140625,-0.21523495018482208,0.195673406124115,-6.8771491050720215,206.21778869628906
258.0,-13.4721040725708,-0.14086979627609253,0.21110278367996216,-13.265223503112793,1251.0078125
259.0,-14.95538330078125,-0.27600598335266113,0.2043592780828476,-14.755112648010254,1261.786376953125
260.0,-22.49798583984375,-0.19130946695804596,0.2209131270647049,-22.281494140625,2532.99365234375
261.0,-13.006714820861816,-0.17182759940624237,0.21947821974754333,-12.791626930236816,2173.807373046875
262.0,-35.384483337402344,-0.35455816984176636,0.22222837805747986,-35.16669845581055,7091.15771484375
263.0,-22.970970153808594,-0.26112067699432373,0.21806484460830688,-22.757265090942383,3366.86279296875
264.0,-24.314180374145508,-0.25800102949142456,0.21504124999046326,-24.103437423706055,3648.340576171875
265.0,-14.401620864868164,-0.14329379796981812,0.21858759224414825,-14.187405586242676,1661.3167724609375
266.0,-16.058982849121094,-0.2716200053691864,0.2132459282875061,-15.850005149841309,2245.526611328125
267.0,-29.093856811523438,-0.36471253633499146,0.2171163111925125,-28.881084442138672,4984.96630859375
268.0,-24.720151901245117,-0.3338559865951538,0.2144302874803543,-24.510007858276367,2624.284912109375
269.0,-24.470399856567383,-0.23949915170669556,0.2237551510334015,-24.251121520996094,4646.81884765625
270.0,-24.135873794555664,-0.2917693257331848,0.22017300128936768,-23.92010498046875,4541.71826171875
271.0,-15.353205680847168,-0.23971141874790192,0.2117597609758377,-15.145682334899902,2334.981689453125
272.0,-12.35982894897461,-0.24910947680473328,0.20964954793453217,-12.15437126159668,969.1521606445312
273.0,-17.519105911254883,-0.24163639545440674,0.2215573936700821,-17.301979064941406,2372.11572265625
274.0,-9.536138534545898,-0.09929390996694565,0.22317178547382355,-9.31743049621582,766.9603881835938
275.0,-14.72704792022705,-0.21011239290237427,0.21736320853233337,-14.514032363891602,2354.94384765625
276.0,-9.79115104675293,-0.22338199615478516,0.20904430747032166,-9.586289405822754,617.6649780273438
277.0,-28.161680221557617,-0.32464081048965454,0.22317199409008026,-27.942975997924805,5109.1201171875
278.0,-11.755936622619629,-0.21884788572788239,0.2106255292892456,-11.549522399902344,953.47265625
279.0,-11.510327339172363,-0.22463588416576385,0.2107151597738266,-11.303827285766602,1000.3009643554688
280.0,-27.673843383789062,-0.3418327569961548,0.2165796458721161,-27.461599349975586,4765.72998046875
281.0,-27.642929077148438,-0.32346493005752563,0.21703162789344788,-27.430238723754883,6004.19677734375
282.0,-20.350547790527344,-0.22630056738853455,0.2230815440416336,-20.131927490234375,3307.3564453125
283.0,-22.705320358276367,-0.33057552576065063,0.21588604152202606,-22.493751525878906,3349.793701171875
284.0,-18.703819274902344,-0.20532068610191345,0.2219284027814865,-18.486330032348633,3089.3017578125
285.0,-40.13236999511719,-0.4963739812374115,0.22055156528949738,-39.91622543334961,7751.974609375
286.0,-12.527761459350586,-0.2281022071838379,0.22103938460350037,-12.311141014099121,1179.6064453125
287.0,-20.782176971435547,-0.3276042640209198,0.216679185628891,-20.56983184814453,3070.91259765625
288.0,-15.932018280029297,-0.35868385434150696,0.2193085253238678,-15.717096328735352,1216.53564453125
289.0,-13.041909217834473,-0.14897027611732483,0.22270309925079346,-12.823657989501953,1997.3709716796875
290.0,-9.682989120483398,-0.2207251936197281,0.20473262667655945,-9.482351303100586,702.201416015625
291.0,-17.620506286621094,-0.36657199263572693,0.21053332090377808,-17.414186477661133,2425.668212890625
292.0,-13.210785865783691,-0.28855830430984497,0.2192513346672058,-12.995918273925781,1021.34228515625
293.0,-20.789081573486328,-0.30380621552467346,0.21676070988178253,-20.57665252685547,3026.885009765625
294.0,-23.41405487060547,-0.32150816917419434,0.2184440642595291,-23.199983596801758,4227.8544921875
295.0,-14.364810943603516,-0.24495737254619598,0.21193304657936096,-14.15711784362793,1196.6845703125
296.0,-18.21192741394043,-0.24762636423110962,0.21449948847293854,-18.00171661376953,3008.134033203125
297.0,-8.987621307373047,-0.1709350347518921,0.2197183221578598,-8.772298812866211,531.9923095703125
298.0,-26.10012435913086,-0.3683978319168091,0.21490798890590668,-25.889516830444336,4720.58544921875
299.0,-8.207706451416016,-0.15731647610664368,0.2208683043718338,-7.991255283355713,593.6463012695312
300.0,-25.073345184326172,-0.396697074174881,0.21916553378105164,-24.858562469482422,4547.8876953125
301.0,-6.323134899139404,-0.21114301681518555,0.20834295451641083,-6.118959426879883,250.1587371826172
302.0,-17.373695373535156,-0.29916495084762573,0.22192752361297607,-17.156204223632812,2723.796630859375
303.0,-25.42864418029785,-0.39539745450019836,0.22130358219146729,-25.211767196655273,3917.105712890625
304.0,-18.651287078857422,-0.38091713190078735,0.21589632332324982,-18.439708709716797,1822.7421875
305.0,-8.553768157958984,-0.17796285450458527,0.22314482927322388,-8.335086822509766,591.5821533203125
306.0,-9.869065284729004,-0.20247337222099304,0.21694518625736237,-9.65645980834961,709.7449340820312
307.0,-15.91918659210205,-0.32209107279777527,0.21665382385253906,-15.706869125366211,2470.23291015625
308.0,-6.1736650466918945,-0.20537641644477844,0.21233128011226654,-5.965580463409424,113.3569564819336
309.0,-23.67047119140625,-0.30857551097869873,0.22697101533412933,-23.448040008544922,4298.12548828125
310.0,-27.226917266845703,-0.5581431984901428,0.2125624716281891,-27.018606185913086,4484.0439453125
311.0,-27.42879867553711,-0.43064364790916443,0.216334730386734,-27.21678924560547,4958.6025390625
312.0,-14.718742370605469,-0.27426081895828247,0.21729719638824463,-14.505790710449219,2344.34423828125
313.0,-6.768317222595215,-0.15920473635196686,0.21546433866024017,-6.557163238525391,373.82159423828125
314.0,-12.460432052612305,-0.34489375352859497,0.21521948277950287,-12.249516487121582,920.5142211914062
315.0,-3.182513475418091,-0.036114007234573364,0.22502504289150238,-2.961988925933838,177.75274658203125
316.0,-12.072522163391113,-0.2953822612762451,0.21393249928951263,-11.862868309020996,1017.47607421875
317.0,-15.5281343460083,-0.2592712342739105,0.21261848509311676,-15.319768905639648,1513.529052734375
318.0,-21.165117263793945,-0.2976633906364441,0.22204384207725525,-20.9475154876709,3342.78125
319.0,-22.613401412963867,-0.39558669924736023,0.22176219522953033,-22.396074295043945,3469.158447265625
320.0,-14.139695167541504,-0.22187279164791107,0.21913012862205505,-13.924948692321777,2240.432861328125
321.0,-18.597537994384766,-0.357145756483078,0.22653014957904816,-18.37554168701172,2947.44677734375
322.0,-8.585478782653809,-0.25079765915870667,0.21595190465450287,-8.373847961425781,535.3933715820312
323.0,-20.163135528564453,-0.342443585395813,0.22828304767608643,-19.939420700073242,3030.578125
324.0,-5.410712242126465,-0.2033902108669281,0.20934897661209106,-5.205550670623779,172.1134033203125
325.0,-27.489351272583008,-0.3477000296115875,0.22578151524066925,-27.268085479736328,4039.10400390625
326.0,-7.345633506774902,-0.21052803099155426,0.21553879976272583,-7.134406089782715,341.7236022949219
327.0,-5.233278751373291,-0.1580575406551361,0.21714746952056885,-5.020474910736084,171.30157470703125
328.0,-7.094720840454102,-0.13344541192054749,0.22333583235740662,-6.875852108001709,477.3968505859375
329.0,-34.5297966003418,-0.564307689666748,0.2236897498369217,-34.310577392578125,6946.9736328125
330.0,-19.480676651000977,-0.4296092987060547,0.213023379445076,-19.271913528442383,2779.3193359375
331.0,-5.13479471206665,-0.1816123127937317,0.22190040349960327,-4.917332172393799,141.0449981689453
332.0,-12.435504913330078,-0.2807767391204834,0.22422783076763153,-12.215764045715332,1202.392822265625
333.0,-8.410348892211914,-0.1846219301223755,0.22115938365459442,-8.193613052368164,741.099609375
334.0,-9.122076034545898,-0.1778644174337387,0.21885229647159576,-8.907600402832031,722.96142578125
335.0,-15.528970718383789,-0.3340367078781128,0.22292427718639374,-15.310503959655762,2253.2001953125
336.0,-9.048966407775879,-0.231492817401886,0.22245551645755768,-8.83095932006836,672.24072265625
337.0,-9.939197540283203,-0.21279661357402802,0.22170734405517578,-9.721925735473633,845.6766967773438
338.0,-9.212464332580566,-0.31568604707717896,0.21060459315776825,-9.006072998046875,803.6107788085938
339.0,-23.87545394897461,-0.5479293465614319,0.2197159379720688,-23.660131454467773,4298.81640625
340.0,-26.576173782348633,-0.5163466930389404,0.22366659343242645,-26.356985092163086,4441.048828125
341.0,-15.181238174438477,-0.13693617284297943,0.23002386093139648,-14.955815315246582,2828.779296875
342.0,-25.599634170532227,-0.38055893778800964,0.22042179107666016,-25.383617401123047,4973.93310546875
343.0,-12.862671852111816,-0.2601528465747833,0.2220672070980072,-12.64504623413086,2226.839599609375
344.0,-11.99725341796875,-0.26719069480895996,0.21736925840377808,-11.784232139587402,2118.446044921875
345.0,-14.289173126220703,-0.2631971836090088,0.23150016367435455,-14.06230354309082,1465.415283203125
346.0,-9.057303428649902,-0.4267391264438629,0.20245808362960815,-8.858894348144531,399.48651123046875
347.0,-13.167047500610352,-0.350513219833374,0.21425281465053558,-12.957079887390137,2101.2978515625
348.0,-23.97234344482422,-0.45516863465309143,0.22832947969436646,-23.748580932617188,4304.4111328125
349.0,-5.034587860107422,-0.17754268646240234,0.22130747139453888,-4.817707061767578,121.8608169555664
350.0,-21.422828674316406,-0.4329991042613983,0.22455690801143646,-21.2027645111084,3300.016845703125
351.0,-21.99631118774414,-0.540168285369873,0.21616894006729126,-21.784467697143555,3189.4658203125
352.0,-18.109390258789062,-0.25658199191093445,0.2281114012002945,-17.885839462280273,3165.189697265625
353.0,-30.24665069580078,-0.6855075359344482,0.21686485409736633,-30.034120559692383,5149.84375
354.0,-13.151681900024414,-0.22318172454833984,0.22529643774032593,-12.930891036987305,1328.6585693359375
355.0,-7.843785285949707,-0.21570871770381927,0.22547559440135956,-7.622819423675537,599.0005493164062
356.0,-20.482177734375,-0.44027945399284363,0.225749209523201,-20.260944366455078,3111.2138671875
357.0,-14.546927452087402,-0.34279030561447144,0.21763421595096588,-14.333645820617676,2252.66845703125
358.0,-23.09451675415039,-0.30667275190353394,0.2337595820426941,-22.865434646606445,3572.960205078125
359.0,-11.169717788696289,-0.31156957149505615,0.21850129961967468,-10.955588340759277,900.785888671875
360.0,-17.442745208740234,-0.3221217393875122,0.2197657972574234,-17.227375030517578,2881.277099609375
361.0,-6.165826797485352,-0.18323589861392975,0.21720245480537415,-5.952969551086426,512.3209228515625
362.0,-16.616796493530273,-0.37776410579681396,0.22378385066986084,-16.397491455078125,2719.7763671875
363.0,-23.876340866088867,-0.544895350933075,0.22133119404315948,-23.659435272216797,3474.32177734375
364.0,-10.581345558166504,-0.2337084412574768,0.22164073586463928,-10.364139556884766,1138.8289794921875
365.0,-4.851666450500488,-0.21572959423065186,0.2177431434392929,-4.638278007507324,169.3153839111328
366.0,-10.005074501037598,-0.11557065695524216,0.2304086685180664,-9.779275894165039,1029.825927734375
367.0,-8.399762153625488,-0.25805920362472534,0.22487607598304749,-8.1793851852417,612.6961059570312
368.0,-14.99010944366455,-0.38594746589660645,0.2210984230041504,-14.773432731628418,2122.9716796875
369.0,-11.1392183303833,-0.22563405334949493,0.22933802008628845,-10.914467811584473,1743.4697265625
370.0,-15.455945014953613,-0.4092606008052826,0.22167465090751648,-15.238700866699219,1426.57958984375
371.0,-5.750288009643555,-0.36189234256744385,0.2182263880968094,-5.536426544189453,74.4362564086914
372.0,-19.48729133605957,-0.46913281083106995,0.21962015330791473,-19.272064208984375,2069.38916015625
373.0,-12.987390518188477,-0.26417431235313416,0.21957778930664062,-12.772204399108887,2331.749755859375
374.0,-8.39798641204834,-0.3470720946788788,0.21714168787002563,-8.185187339782715,562.0960083007812
375.0,-10.527976989746094,-0.3301768898963928,0.21641601622104645,-10.315890312194824,997.8370971679688
376.0,-4.063044548034668,-0.1968931406736374,0.22602249681949615,-3.841542959213257,87.3243637084961
377.0,-27.52544593811035,-0.5383327603340149,0.2283879667520523,-27.301626205444336,4987.2841796875
378.0,-10.006531715393066,-0.40411117672920227,0.21785324811935425,-9.793035507202148,709.08447265625
379.0,-11.012153625488281,-0.25884389877319336,0.2249399572610855,-10.791711807250977,1118.7330322265625
380.0,-10.149693489074707,-0.2016230970621109,0.22791172564029694,-9.926340103149414,912.494384765625
381.0,-14.060445785522461,-0.35978424549102783,0.2232862412929535,-13.84162712097168,2312.852294921875
382.0,-19.096609115600586,-0.45382100343704224,0.22104385495185852,-18.879987716674805,3076.178955078125
383.0,-13.958590507507324,-0.5382071137428284,0.21817970275878906,-13.744775772094727,2090.57666015625
384.0,-6.874813079833984,-0.13374117016792297,0.2346310019493103,-6.644874095916748,571.9968872070312
385.0,-18.05668067932129,-0.29120463132858276,0.23010748624801636,-17.8311767578125,3674.583740234375
386.0,-15.883257865905762,-0.4007244110107422,0.22308926284313202,-15.664629936218262,2592.45849609375
387.0,-10.5204439163208,-0.4124537408351898,0.22120589017868042,-10.303662300109863,929.6473388671875
388.0,-8.123697280883789,-0.2765115797519684,0.2241690754890442,-7.904013633728027,553.4767456054688
389.0,-2.848972797393799,-0.11339393258094788,0.22277988493442535,-2.6306488513946533,72.14913177490234
390.0,-19.279808044433594,-0.5118621587753296,0.2245391458272934,-19.059762954711914,3038.03662109375
391.0,-8.85473346710205,-0.3045247495174408,0.2280438393354416,-8.631250381469727,532.7556762695312
392.0,-13.656513214111328,-0.35652175545692444,0.22140182554721832,-13.43954086303711,1395.837646484375
393.0,-8.19470500946045,-0.18095208704471588,0.22565914690494537,-7.973559379577637,894.0593872070312
394.0,-6.1319475173950195,-0.3193567395210266,0.21877147257328033,-5.9175519943237305,198.46197509765625
395.0,-12.98400592803955,-0.40935367345809937,0.22752495110034943,-12.76103401184082,2079.1328125
396.0,-8.591833114624023,-0.4001010060310364,0.21892336010932922,-8.377288818359375,629.1533813476562
397.0,-5.788485050201416,-0.3097136616706848,0.2196163386106491,-5.5732622146606445,94.09173583984375
398.0,-4.527283191680908,-0.19451026618480682,0.22466981410980225,-4.3071064949035645,97.06637573242188
399.0,-4.861807823181152,-0.29151979088783264,0.22381076216697693,-4.642473220825195,100.87085723876953
400.0,-7.794464588165283,-0.26932603120803833,0.22928567230701447,-7.569765567779541,593.1398315429688
401.0,-4.54437255859375,-0.3287661671638489,0.21590101718902588,-4.332789897918701,160.40966796875
402.0,-3.472503662109375,-0.15317384898662567,0.22797612845897675,-3.249087333679199,47.67536163330078
403.0,-4.952452182769775,-0.3095613121986389,0.22132201492786407,-4.735556602478027,106.68701171875
404.0,-6.950234413146973,-0.29710158705711365,0.22776582837104797,-6.727024078369141,460.50018310546875
405.0,-3.108950614929199,-0.1980026215314865,0.22386863827705383,-2.889558792114258,37.578433990478516
406.0,-5.051260471343994,-0.2511022090911865,0.22664041817188263,-4.829153060913086,95.62422180175781
407.0,-5.351902484893799,-0.08708652853965759,0.2339661419391632,-5.122617244720459,440.1105041503906
408.0,-5.579840660095215,-0.43981608748435974,0.21741443872451782,-5.366774082183838,102.27230834960938
409.0,-3.531536817550659,-0.2566053867340088,0.2188088744878769,-3.317103862762451,82.22565460205078
410.0,-4.162680625915527,-0.31367233395576477,0.2283274531364441,-3.93891978263855,43.525203704833984
411.0,-2.231158971786499,-0.06793949753046036,0.2293781042098999,-2.0063681602478027,26.0811767578125
412.0,-5.324231147766113,-0.42836928367614746,0.22218698263168335,-5.106488227844238,66.99678039550781
413.0,-7.571358680725098,-0.33115699887275696,0.22426128387451172,-7.3515825271606445,475.8446044921875
414.0,-2.877124309539795,-0.2199878841638565,0.22383396327495575,-2.6577672958374023,30.563020706176758
415.0,-5.431026458740234,-0.0774470642209053,0.23167873919010162,-5.203982353210449,485.35089111328125
416.0,-6.933807373046875,-0.3109787702560425,0.22888611257076263,-6.709498405456543,461.54913330078125
417.0,-3.264500617980957,-0.22041086852550507,0.22990640997886658,-3.0391929149627686,42.58625793457031
418.0,-3.171898603439331,-0.16600744426250458,0.22980667650699615,-2.946687698364258,46.171966552734375
419.0,-2.2359907627105713,-0.09581520408391953,0.22939296066761017,-2.01118540763855,25.467029571533203
420.0,-8.559676170349121,-0.10171641409397125,0.23596489429473877,-8.3284330368042,860.3128051757812
421.0,-2.4247078895568848,-0.11951695382595062,0.23233790695667267,-2.197016716003418,26.44662094116211
422.0,-2.525611162185669,-0.07917468249797821,0.2325974702835083,-2.2976653575897217,33.81498718261719
423.0,-2.018038272857666,-0.07340340316295624,0.2298729568719864,-1.792763113975525,26.424928665161133
424.0,-5.620021820068359,-0.21654903888702393,0.2238791435956955,-5.40062141418457,440.8342590332031
425.0,-5.037290573120117,-0.05286933109164238,0.23678192496299744,-4.8052449226379395,440.36358642578125
426.0,-2.960874080657959,-0.20483267307281494,0.22768720984458923,-2.7377405166625977,32.258079528808594
427.0,-6.609666347503662,-0.3486344814300537,0.2256370335817337,-6.3885416984558105,480.35589599609375
428.0,-4.00374698638916,-0.240065798163414,0.22974510490894318,-3.778596878051758,55.22853088378906
429.0,-2.791539192199707,-0.21479080617427826,0.23027701675891876,-2.5658676624298096,29.55208969116211
430.0,-4.77526330947876,-0.0967419445514679,0.23012980818748474,-4.549736499786377,429.7010192871094
431.0,-9.0000581741333,-0.2809964120388031,0.23249007761478424,-8.772217750549316,852.5850830078125
432.0,-6.42894172668457,-0.37574055790901184,0.22744721174240112,-6.206043243408203,443.8125
433.0,-1.5476443767547607,-0.01619737222790718,0.23083870112895966,-1.3214221000671387,49.6315803527832
434.0,-1.4820016622543335,0.057578664273023605,0.23443377017974854,-1.2522565126419067,43.92338562011719
435.0,-11.023176193237305,-0.4986402988433838,0.2318648099899292,-10.795949935913086,879.03857421875
436.0,-5.771929740905762,-0.22908762097358704,0.22633714973926544,-5.550118923187256,443.1385803222656
437.0,-6.114855766296387,-0.23256777226924896,0.22689063847064972,-5.89250373840332,489.32781982421875
438.0,-3.6673743724823,-0.33976757526397705,0.22587116062641144,-3.4460206031799316,38.62993621826172
439.0,-7.350546836853027,-0.41187041997909546,0.22725236415863037,-7.127840042114258,457.449951171875
440.0,-5.541939735412598,-0.19983714818954468,0.23418043553829193,-5.312444686889648,434.34405517578125
441.0,-5.543583393096924,-0.21164923906326294,0.23186904191970825,-5.316351890563965,433.6842956542969
442.0,-4.941008567810059,-0.11304143816232681,0.2316019982099533,-4.7140398025512695,434.1378173828125
443.0,-1.0264899730682373,0.019754106178879738,0.23510107398033142,-0.796090841293335,7.466109752655029
444.0,-2.152416706085205,-0.17481620609760284,0.2319154590368271,-1.9251397848129272,19.037155151367188
445.0,-9.925296783447266,-0.40769073367118835,0.22865663468837738,-9.701214790344238,861.0391235351562
446.0,-3.045266628265381,-0.20524828135967255,0.23367835581302643,-2.8162620067596436,80.38661193847656
447.0,-5.760420322418213,-0.20676939189434052,0.23032809793949127,-5.534698963165283,480.0307312011719
448.0,-3.477296829223633,-0.4416697025299072,0.22693230211734772,-3.2549033164978027,28.902240753173828
449.0,-9.402155876159668,-0.38721340894699097,0.22833852469921112,-9.178383827209473,852.62255859375
450.0,-3.975900650024414,0.04279889166355133,0.23844778537750244,-3.742222309112549,421.1395263671875
451.0,-6.30483865737915,-0.2993474304676056,0.2298864722251892,-6.079550266265869,512.4078979492188
452.0,-2.0795376300811768,-0.23159712553024292,0.22834068536758423,-1.855763554573059,15.827147483825684
453.0,-1.612430453300476,-0.11267664283514023,0.22894485294818878,-1.3880647420883179,14.532155990600586
454.0,-0.9382643699645996,0.04544597491621971,0.2337626814842224,-0.7091768383979797,8.770578384399414
455.0,-1.0539500713348389,0.03675209358334541,0.23315326869487762,-0.8254598379135132,11.084975242614746
456.0,-4.4114885330200195,-0.008165951818227768,0.23181720077991486,-4.184307098388672,426.28656005859375
457.0,-8.002161979675293,-0.19365577399730682,0.2325787991285324,-7.774235725402832,838.8883056640625
458.0,-4.743124485015869,-0.15562747418880463,0.2349831908941269,-4.512840270996094,424.1670837402344
459.0,-2.2557566165924072,-0.1682630181312561,0.23379354178905487,-2.026638984680176,20.2503662109375
460.0,-4.771172046661377,-0.17269279062747955,0.2327890396118164,-4.543038845062256,423.9814147949219
461.0,-6.1988139152526855,-0.21656690537929535,0.22960145771503448,-5.973804950714111,537.55712890625
462.0,-4.515996932983398,-0.10908031463623047,0.2364632785320282,-4.2842631340026855,422.9295654296875
463.0,-2.11202335357666,-0.1366221010684967,0.23659710586071014,-1.8801580667495728,18.297523498535156
464.0,-3.896982431411743,-0.016690192744135857,0.23460941016674042,-3.6670660972595215,417.5668640136719
465.0,-4.535477161407471,-0.05669969692826271,0.23944322764873505,-4.30082368850708,423.7423095703125
466.0,-8.858918190002441,-0.2595372796058655,0.23589640855789185,-8.627740859985352,848.0978393554688
467.0,-2.8972463607788086,-0.20826929807662964,0.2307642549276352,-2.67109751701355,29.171220779418945
468.0,-4.128942489624023,-0.06050720065832138,0.23314422369003296,-3.9004604816436768,417.9942321777344
469.0,-3.8553826808929443,0.044670458883047104,0.23904235661029816,-3.6211211681365967,417.5314025878906
470.0,-2.401477098464966,-0.04315478354692459,0.23579351603984833,-2.1703991889953613,112.21504211425781
471.0,-1.0118426084518433,-0.05029784515500069,0.22980180382728577,-0.7866368293762207,6.366215705871582
472.0,-7.299947738647461,-0.04732576757669449,0.23959076404571533,-7.065149307250977,830.40576171875
473.0,-0.7032588720321655,0.021376876160502434,0.227375328540802,-0.48043105006217957,7.265754222869873
474.0,-4.604066848754883,-0.07801906019449234,0.2339569628238678,-4.374789237976074,448.2066650390625
475.0,-1.4707828760147095,-0.11692146956920624,0.22690099477767944,-1.2484198808670044,11.871957778930664
476.0,-5.645321846008301,-0.1901717334985733,0.22775205969810486,-5.422125339508057,485.0024719238281
477.0,-0.6476085186004639,0.058909300714731216,0.2370435893535614,-0.4153057336807251,3.9336423873901367
478.0,-4.412640571594238,0.041047465056180954,0.23470835387706757,-4.182626724243164,466.6250915527344
479.0,-2.868656873703003,-0.11537579447031021,0.2305634468793869,-2.642704725265503,159.23780822753906
480.0,-0.8507792949676514,0.035846419632434845,0.2350984364748001,-0.6203826665878296,7.3009185791015625
481.0,-1.434014916419983,-0.06686064600944519,0.23134878277778625,-1.2072932720184326,11.775582313537598
482.0,-0.5593829154968262,0.10306360572576523,0.23570522665977478,-0.3283917307853699,5.33126974105835
483.0,-4.26729679107666,-0.03687085583806038,0.23784099519252777,-4.034212589263916,420.0049743652344
484.0,-0.6008141040802002,0.06112798675894737,0.23127174377441406,-0.3741678297519684,5.314719200134277
485.0,-1.2096349000930786,-0.025800833478569984,0.23535700142383575,-0.9789850115776062,10.727812767028809
486.0,-7.372481822967529,-0.09525711089372635,0.23280328512191772,-7.144333362579346,850.5372924804688
487.0,-2.1492981910705566,-0.09149337559938431,0.2313348650932312,-1.922589898109436,92.70870971679688
488.0,-1.6731148958206177,-0.02931583859026432,0.23166289925575256,-1.4460853338241577,87.40953063964844
489.0,-0.8846142292022705,0.04856681823730469,0.23807725310325623,-0.6512983441352844,8.332284927368164
490.0,-0.5313350558280945,0.09060521423816681,0.23789939284324646,-0.29819363355636597,5.245720863342285
491.0,-4.41376256942749,-0.04796667397022247,0.23195652663707733,-4.186445713043213,442.8739929199219
492.0,-4.3882575035095215,-0.03711893409490585,0.23471039533615112,-4.1582417488098145,422.1453552246094
493.0,-3.837545156478882,-0.019212204962968826,0.23375101387500763,-3.6084704399108887,414.0569152832031
494.0,-0.47234073281288147,0.11037523299455643,0.23450490832328796,-0.2425258606672287,4.729826927185059
495.0,-0.04643181711435318,0.20825636386871338,0.24048109352588654,0.18923968076705933,0.005549777299165726
496.0,-10.428061485290527,-0.14094039797782898,0.23535113036632538,-10.197418212890625,1235.825439453125
497.0,-0.601097047328949,0.13609188795089722,0.2339152842760086,-0.37185999751091003,48.3752555847168
498.0,-0.5874307751655579,0.08519795536994934,0.2335110902786255,-0.35858988761901855,5.164691925048828
499.0,-0.9508132934570312,0.05999089777469635,0.23363202810287476,-0.7218538522720337,30.493680953979492
500.0,-4.334883213043213,0.02264312282204628,0.23446285724639893,-4.105109691619873,466.529541015625
501.0,-0.06481580436229706,0.17536181211471558,0.23825719952583313,0.16867628693580627,0.006336204241961241
502.0,-10.794873237609863,-0.13707806169986725,0.23979726433753967,-10.559871673583984,1264.1580810546875
503.0,-0.5545510053634644,0.08186157047748566,0.23569034039974213,-0.323574423789978,5.115119457244873
504.0,-0.9740291833877563,0.045248400419950485,0.23142299056053162,-0.747234582901001,30.426111221313477
505.0,0.0,0.2454744130373001,0.24489913880825043,0.24000120162963867,2.9956898288219236e-05
506.0,-6.944113731384277,-0.011718678288161755,0.239323690533638,-6.709576606750488,822.633544921875
507.0,-4.649216175079346,-0.08893605321645737,0.23591098189353943,-4.418023109436035,425.4774169921875
508.0,-3.6600818634033203,0.08818128705024719,0.24101489782333374,-3.423887252807617,415.25958251953125
509.0,-0.47234073281288147,0.10780802369117737,0.23450490832328796,-0.2425258606672287,4.67912483215332
